mapping,engine,run,elapsed_time,kernel_mode,user_mode,memory_max,memory_average,number_results
gtfs-rdb,Ontop,0,131.97,7.53,125.47,6493656,0,3959530
gtfs-rdb,Ontop,1,133.04,7.55,124.97,6434836,0,3959530
gtfs-rdb,Ontop,2,131.28,7.94,123.17,6913604,0,3959530
,,,,,,,,
gtfs-rdb,Morph-rdb,0,1172.76,10.13,125.92,1480432,0,4546610
gtfs-rdb,Morph-rdb,1,1171.6,9.73,124.47,1461900,0,4546610
gtfs-rdb,Morph-rdb,2,1165.98,10.94,120.9,1457912,0,4546610
,,,,,,,,
gtfs-rdb,DB2Triples,0,175.27,36.56,243.31,25161472,0,3959530
gtfs-rdb,DB2Triples,1,162.54,19.51,255.43,25007208,0,3959530
gtfs-rdb,DB2Triples,2,155.47,17.99,248.61,25204936,0,3959530
,,,,,,,,
gtfs-rdb,RMLMapper,0,TimeOut,,,,,
gtfs-rdb,RMLMapper,1,TimeOut,,,,,
gtfs-rdb,RMLMapper,2,TimeOut,,,,,
,,,,,,,,
gtfs-rdb,SDM-RDFizer,0,284.48,29.52,264.55,2269588,0,3959530
gtfs-rdb,SDM-RDFizer,1,281.03,28.39,263.04,2161300,0,3959530
gtfs-rdb,SDM-RDFizer,2,287.37,29.63,268.52,2019852,0,3959530
,,,,,,,,
gtfs-rdb,R2RML-F,0,145.96,13.96,201.79,13506668,0,3959530
gtfs-rdb,R2RML-F,1,146.8,12.34,203.82,13508004,0,3959530
gtfs-rdb,R2RML-F,2,146.88,12.64,203.2,13481252,0,3959530
,,,,,,,,
gtfs-csv,RMLMapper,0,TimeOut,,,,,
gtfs-csv,RMLMapper,1,TimeOut,,,,,
gtfs-csv,RMLMapper,2,TimeOut,,,,,
,,,,,,,,
gtfs-json,RMLMapper,0,TimeOut,,,,,
gtfs-json,RMLMapper,1,TimeOut,,,,,
gtfs-json,RMLMapper,2,TimeOut,,,,,
,,,,,,,,
gtfs-xml,RMLMapper,0,TimeOut,,,,,
gtfs-xml,RMLMapper,1,TimeOut,,,,,
gtfs-xml,RMLMapper,2,TimeOut,,,,,
,,,,,,,,
gtfs-custom,RMLMapper,0,TimeOut,,,,,
gtfs-custom,RMLMapper,1,TimeOut,,,,,
gtfs-custom,RMLMapper,2,TimeOut,,,,,
,,,,,,,,
gtfs-csv,RocketRML,0,,,,OutOfMemory,,
gtfs-csv,RocketRML,1,,,,OutOfMemory,,
gtfs-csv,RocketRML,2,,,,OutOfMemory,,
,,,,,,,,
gtfs-json,RocketRML,0,,,,OutOfMemory,,
gtfs-json,RocketRML,1,,,,OutOfMemory,,
gtfs-json,RocketRML,2,,,,OutOfMemory,,
,,,,,,,,
gtfs-xml,RocketRML,0,,,,OutOfMemory,,
gtfs-xml,RocketRML,1,,,,OutOfMemory,,
gtfs-xml,RocketRML,2,,,,OutOfMemory,,
,,,,,,,,
gtfs-custom,RocketRML,0,,,,OutOfMemory,,
gtfs-custom,RocketRML,1,,,,OutOfMemory,,
gtfs-custom,RocketRML,2,,,,OutOfMemory,,
,,,,,,,,
gtfs-csv,R2RML-F,0,415.84,30,459.98,23304216,0,3959530
gtfs-csv,R2RML-F,1,387.36,14.32,443.72,23314716,0,3959530
gtfs-csv,R2RML-F,2,407.31,13.1,453.02,23303332,0,3959530
,,,,,,,,
gtfs-csv,SDM-RDFizer,0,398.24,5.98,392.18,2559540,0,3959530
gtfs-csv,SDM-RDFizer,1,421.36,2.85,418.43,2240172,0,3959530
gtfs-csv,SDM-RDFizer,2,396.2,3.53,392.5,2453016,0,3959530
,,,,,,,,
gtfs-xml,SDM-RDFizer,0,340.86,5.02,335.72,3421580,0,3959530
gtfs-xml,SDM-RDFizer,1,314.47,4.38,309.92,3483484,0,3959530
gtfs-xml,SDM-RDFizer,2,347.85,4.06,343.73,3253108,0,3959530
,,,,,,,,
gtfs-json,SDM-RDFizer,0,359.21,3.45,355.68,2461596,0,3959530
gtfs-json,SDM-RDFizer,1,363.84,3.38,360.34,2392808,0,3959530
gtfs-json,SDM-RDFizer,2,365.92,3.3,362.53,2314800,0,3959530
,,,,,,,,
gtfs-custom,SDM-RDFizer,0,380.07,4.05,375.79,2611484,0,3959530
gtfs-custom,SDM-RDFizer,1,375.81,3.87,371.73,2604312,0,3959530
gtfs-custom,SDM-RDFizer,2,374.8,3.49,370.9,2709560,0,3959530
,,,,,,,,
gtfs-json,Chimera,0,2206.48,1077.26,3319.21,15568260,0,3959530
gtfs-json,Chimera,1,2052.98,1006.35,3149.46,14436072,0,3959530
gtfs-json,Chimera,2,2145.34,1028.35,3302.3,14457380,0,3959530
,,,,,,,,
gtfs-xml,Chimera,0,574.09,20.13,2250.54,17484824,0,3959530
gtfs-xml,Chimera,1,576.73,17.89,2259,17062952,0,3959530
gtfs-xml,Chimera,2,576.17,18.06,2258.95,17729384,0,3959530
,,,,,,,,
gtfs-csv,Chimera,0,202.78,27.87,725.72,17475872,0,3959530
gtfs-csv,Chimera,1,203.24,17.11,743.37,15933032,0,3959530
gtfs-csv,Chimera,2,203.42,19.02,745.04,16237816,0,3959530
,,,,,,,,
gtfs-custom,Chimera,0,1375.66,628.45,2339.9,17770100,0,3959530
gtfs-custom,Chimera,1,1646.42,760.39,2486.93,15555980,0,3959530
gtfs-custom,Chimera,2,1434.44,660.52,2416.57,16611484,0,3959530
,,,,,,,,
gtfs-csv,carml,0,970.07,59.47,1229.83,13402068,0,3959530
gtfs-csv,carml,1,909.22,48.13,1171.56,13462464,0,3959530
gtfs-csv,carml,2,915.8,51.16,1184.19,13409676,0,3959530
,,,,,,,,
gtfs-json,carml,0,2331.29,28.42,2777.82,11522540,0,3976220
gtfs-json,carml,1,2309.28,31.17,2737.19,11762156,0,3976220
gtfs-json,carml,2,2354.62,33,2792.34,11683472,0,3976220
,,,,,,,,
gtfs-xml,carml,0,7899.13,118.9,8300.08,12265164,0,3959530
gtfs-xml,carml,1,7862.25,102.64,8209.84,11972464,0,3959530
gtfs-xml,carml,2,7903.54,130.05,8322.16,11847948,0,3959530
,,,,,,,,
gtfs-custom,carml,0,1706.97,36.73,2151.91,13716876,0,3959530
gtfs-custom,carml,1,1729.5,31.74,2201.36,14028800,0,3959530
gtfs-custom,carml,2,1790.07,31.35,2251.96,13841508,0,3959530